Theta,Phi,x,y,z
2.871403,1.482632,-0.959977,0.265877,0.088050
3.075196,1.634530,-0.995771,0.066214,-0.063690
5.014790,1.267888,0.284255,-0.911163,0.298297
4.306295,1.418578,-0.390456,-0.908048,0.151632
6.266197,1.688830,0.992899,-0.016869,-0.117759
4.025003,2.517733,-0.370668,-0.451511,-0.811630
2.281782,2.617252,-0.326710,0.379346,-0.865654
5.141278,1.580908,0.415840,-0.909382,-0.010111
3.967237,0.634357,-0.401872,-0.435596,0.805453
5.544571,0.882866,0.571234,-0.520138,0.634939
4.906578,1.797126,0.188050,-0.956180,-0.224402
5.324241,1.556833,0.574328,-0.818506,0.013963
2.426215,2.583547,-0.399713,0.347320,-0.848291
2.377842,0.664622,-0.445454,0.426574,0.787150
3.664761,0.679643,-0.544445,-0.314023,0.777797
0.932637,2.139145,0.502066,0.676924,-0.538241
0.147103,1.057220,0.861586,0.127664,0.491295
2.226024,0.731160,-0.406877,0.529452,0.744401
1.737326,1.108145,-0.148335,0.882493,0.446322
3.623551,2.742117,-0.344631,-0.180277,-0.921265
5.832398,1.548389,0.899878,-0.435565,0.022406
2.582285,1.984601,-0.776081,0.485815,-0.402096
5.864850,2.772091,0.330008,-0.146714,-0.932507
4.812102,2.380968,0.068626,-0.685950,-0.724405
1.674290,2.562178,-0.056565,0.544605,-0.836783
5.336080,2.825489,0.181557,-0.252338,-0.950454
2.619474,1.146800,-0.790014,0.454558,0.411406
0.201588,1.476168,0.975367,0.199330,0.094487
1.825011,1.685973,-0.249819,0.961448,-0.114922
3.041916,2.541724,-0.561732,0.056178,-0.825410
0.357022,1.715502,0.927149,0.345833,-0.144201
6.138143,2.059683,0.873586,-0.127603,-0.469643
4.216746,1.345282,-0.463555,-0.857389,0.223608
2.201338,1.555978,-0.589518,0.807619,0.014818
2.895735,2.617059,-0.485749,0.121891,-0.865558
2.786517,1.793439,-0.914477,0.339080,-0.220807
3.172395,1.487760,-0.996082,-0.030691,0.082941
5.946942,1.596975,0.943677,-0.329830,-0.026176
4.601925,0.987155,-0.091991,-0.829376,0.551066
4.389218,1.240911,-0.300451,-0.897104,0.323935
6.078858,2.105007,0.842767,-0.174638,-0.509162
5.543353,0.881100,0.569771,-0.520077,0.636303
3.516944,0.638668,-0.554624,-0.218540,0.802890
0.414124,1.740031,0.902391,0.396640,-0.168428
0.353074,0.430563,0.391636,0.144324,0.908731
2.747036,2.372178,-0.642261,0.267432,-0.718318
2.994533,2.605681,-0.505113,0.074822,-0.859804
0.473330,1.630050,0.888493,0.455053,-0.059219
2.250985,0.636207,-0.373684,0.461923,0.804355
0.514515,0.354717,0.302357,0.170923,0.937745
4.261966,1.270031,-0.415804,-0.859850,0.296251
4.098655,1.742812,-0.567425,-0.805438,-0.171168
4.957037,2.143381,0.203583,-0.815476,-0.541806
3.419922,2.659687,-0.445632,-0.127338,-0.886113
2.076698,1.216033,-0.454420,0.820267,0.347368
6.045613,1.726133,0.960210,-0.232510,-0.154713
0.464496,1.772358,0.875948,0.438903,-0.200199
3.776535,2.633793,-0.391488,-0.288413,-0.873816
5.964334,2.764208,0.349917,-0.115513,-0.929632
2.302003,0.582262,-0.367216,0.409340,0.835221
4.358999,1.611199,-0.345798,-0.937439,-0.040391
4.063969,2.439341,-0.390100,-0.514838,-0.763390
2.478145,0.173462,-0.135982,0.106290,0.984993
1.289994,1.942540,0.258198,0.895204,-0.363240
0.574557,2.223604,0.666830,0.431717,-0.607419
4.780034,2.166795,0.055939,-0.825696,-0.561336
3.651323,0.162157,-0.140924,-0.078777,0.986881
3.236674,2.226958,-0.788761,-0.075223,-0.610080
1.231078,0.886355,0.258171,0.730493,0.632240
0.522244,1.146674,0.789913,0.454630,0.411521
4.838113,2.198667,0.101478,-0.802893,-0.587423
0.099651,1.514484,0.993462,0.099329,0.056283
0.551228,0.364718,0.303854,0.186808,0.934224
4.864607,0.632180,0.089600,-0.584072,0.806741
5.934570,0.389526,0.356907,-0.129721,0.925089
5.486037,1.205243,0.652581,-0.668099,0.357466
0.532889,1.760634,0.845869,0.498897,-0.188700
3.633478,2.865736,-0.240080,-0.128638,-0.962192
2.724031,1.785130,-0.893165,0.396253,-0.212697
5.596392,1.386666,0.760212,-0.623342,0.183091
0.993102,1.743529,0.537967,0.825258,-0.171875
6.212404,0.892154,0.776477,-0.055052,0.627737
4.088945,1.801923,-0.568310,-0.790284,-0.229075
2.364011,1.755433,-0.700500,0.689634,-0.183589
2.774557,1.025012,-0.797792,0.306716,0.519089
4.339979,2.174820,-0.299478,-0.766639,-0.567959
6.150198,0.969935,0.817566,-0.109371,0.565353
4.390600,2.114884,-0.270596,-0.811683,-0.517638
6.032843,1.102649,0.864587,-0.221080,0.451234
3.376954,1.414488,-0.960575,-0.230351,0.155672
2.517298,1.526532,-0.810581,0.583953,0.044250
5.036948,2.460232,0.200854,-0.596967,-0.776716
3.379177,2.182647,-0.795592,-0.192659,-0.574383
3.770086,2.018023,-0.729357,-0.530104,-0.432467
3.613546,2.509668,-0.526125,-0.268547,-0.806892
2.822183,1.480065,-0.945516,0.312715,0.090607
6.239007,2.058342,0.882623,-0.039018,-0.468459
2.756953,1.367868,-0.907913,0.367526,0.201538
5.069238,1.734204,0.344670,-0.924520,-0.162682
6.194284,2.083693,0.867886,-0.077360,-0.490703
0.029910,1.268689,0.954285,0.028551,0.297533
2.978787,0.863953,-0.750360,0.123254,0.649437
1.089656,1.817408,0.448789,0.859648,-0.244120
5.490777,1.882528,0.668292,-0.677729,-0.306707
3.207052,2.072139,-0.875060,-0.057363,-0.480604
5.863188,2.181876,0.747847,-0.333965,-0.573752
3.682808,1.781661,-0.838099,-0.503767,-0.209305
4.065706,2.115420,-0.515368,-0.682622,-0.518096
1.037230,2.509659,0.300438,0.508597,-0.806887
2.926435,2.204270,-0.787392,0.172077,-0.591948
5.143930,1.749303,0.411624,-0.893889,-0.177560
0.322750,2.765943,0.347934,0.116364,-0.930269
3.823101,2.731168,-0.309872,-0.251356,-0.916951
2.186925,1.538332,-0.577576,0.815692,0.032458
2.504404,2.230294,-0.635221,0.470180,-0.612720
5.742091,2.286637,0.646752,-0.388645,-0.656252
0.867993,1.858327,0.619824,0.731708,-0.283585
2.831637,1.541661,-0.951943,0.304887,0.029131
0.384337,0.634725,0.549698,0.222325,0.805235
0.551867,1.335711,0.828125,0.509857,0.232926
0.886846,0.810169,0.457722,0.561473,0.689376
3.258549,1.104221,-0.887013,-0.104217,0.449831
6.246561,1.586700,0.999203,-0.036611,-0.015903
3.165901,1.003076,-0.842880,-0.020493,0.537712
4.873568,0.728050,0.106787,-0.656790,0.746474
6.012326,1.914524,0.907179,-0.251908,-0.336999
3.060948,2.040393,-0.888853,0.071837,-0.452527
4.603567,2.117969,-0.092750,-0.848947,-0.520275
6.262921,0.510212,0.488262,-0.009896,0.872641
2.894222,1.307381,-0.936116,0.236409,0.260379
0.059538,1.138653,0.906461,0.054033,0.418818
5.593719,2.624341,0.381544,-0.314559,-0.869182
1.437037,1.770022,0.130723,0.971464,-0.197910
4.410186,2.361028,-0.209433,-0.671792,-0.710516
4.283218,0.895308,-0.324738,-0.709628,0.625278
1.316637,2.374652,0.174478,0.671643,-0.720037
1.344894,1.300966,0.215881,0.939328,0.266568
2.635908,0.713366,-0.572482,0.316987,0.756163
4.785800,0.949352,0.059632,-0.810848,0.582210
2.856828,2.047172,-0.852874,0.249653,-0.458562
5.946204,2.235282,0.742958,-0.260291,-0.616654
5.005253,0.396470,0.111484,-0.369722,0.922430
2.091856,0.473909,-0.227180,0.395804,0.889791
5.989519,1.877072,0.912644,-0.275993,-0.301510
3.387978,1.884071,-0.922599,-0.232030,-0.308176
2.365075,1.118455,-0.641613,0.630317,0.437072
2.126595,1.839562,-0.508680,0.818983,-0.265541
4.432522,1.270555,-0.263871,-0.918098,0.295751
3.751728,0.850392,-0.615939,-0.430616,0.659689
1.468829,1.311210,0.098381,0.961476,0.256681
2.089287,0.890431,-0.385228,0.675176,0.629077
0.838528,0.847937,0.501363,0.557684,0.661531
2.489497,1.272460,-0.759704,0.580047,0.293930
1.654100,2.895152,-0.020299,0.243107,-0.969787
5.038141,0.890291,0.248738,-0.736379,0.629186
4.838415,1.987350,0.114944,-0.907236,-0.404611
0.697184,0.682272,0.483419,0.404857,0.776142
2.462684,2.912466,-0.176764,0.142623,-0.973865
1.120589,2.325308,0.317055,0.656006,-0.684933
3.858788,2.264608,-0.579418,-0.505321,-0.639472
0.373685,1.318732,0.901569,0.353513,0.249404
4.990857,1.797395,0.267856,-0.936899,-0.224664
1.793037,2.895214,-0.053758,0.237896,-0.969802
0.878150,0.709715,0.416107,0.501458,0.758548
2.572471,1.897212,-0.797896,0.510437,-0.320650
5.794345,0.719358,0.581730,-0.309422,0.752229
5.818253,0.317348,0.278925,-0.139911,0.950066
5.261828,2.670052,0.237218,-0.387400,-0.890870
3.339759,0.825347,-0.720403,-0.144658,0.678302
5.884127,2.171013,0.760374,-0.320637,-0.564822
3.267518,1.164276,-0.911229,-0.115357,0.395416
3.227213,1.863057,-0.954087,-0.081889,-0.288118
0.098397,1.279379,0.953205,0.094097,0.287310
2.727537,2.809716,-0.298285,0.131085,-0.945433
5.892066,1.156648,0.846326,-0.348995,0.402410
2.317663,0.206157,-0.139061,0.150213,0.978825
1.595699,2.818558,-0.007905,0.317347,-0.948277
0.458462,2.199797,0.725113,0.357869,-0.588337
2.163505,0.786853,-0.395571,0.587349,0.706077
4.843516,0.566097,0.070128,-0.531738,0.844001
5.860826,2.070054,0.800789,-0.359879,-0.478774
1.411250,2.399929,0.107319,0.666936,-0.737346
3.298204,0.943781,-0.799872,-0.126303,0.586731
1.805770,1.469959,-0.231635,0.967580,0.100666
3.349745,2.429348,-0.639427,-0.135054,-0.756897
4.112768,0.735977,-0.378841,-0.554201,0.741175
3.750205,1.962118,-0.758421,-0.528510,-0.381411
4.049778,2.480980,-0.377473,-0.483756,-0.789616
5.861221,2.179649,0.748353,-0.335958,-0.571927
4.384409,2.201755,-0.260109,-0.764420,-0.589919
0.532481,1.083273,0.761176,0.448527,0.468439
4.316692,1.058525,-0.335972,-0.804281,0.490159
1.716336,0.901994,-0.113783,0.776270,0.620047
3.907883,1.440636,-0.714394,-0.687601,0.129793
3.608258,1.813875,-0.866819,-0.436684,-0.240692
5.927435,1.047217,0.811809,-0.301634,0.499984
3.642618,1.582907,-0.877026,-0.480290,-0.012111
4.885635,1.028324,0.147633,-0.843614,0.516255
0.808034,2.467886,0.431057,0.451027,-0.781514
4.322348,1.172825,-0.350512,-0.852612,0.387549
5.379993,0.176546,0.108733,-0.137923,0.984456
6.154760,1.542728,0.991374,-0.128022,0.028065
0.638663,1.784063,0.784704,0.582617,-0.211654
3.998123,1.757811,-0.643641,-0.742400,-0.185927
4.904726,1.112690,0.171444,-0.880353,0.442250
0.787944,1.441831,0.699447,0.703018,0.128608
0.191394,0.975241,0.812721,0.157477,0.560968
0.778506,2.484149,0.435078,0.429121,-0.791557
4.066325,2.211985,-0.482472,-0.639874,-0.598149
1.062634,2.430543,0.317552,0.570163,-0.757677
3.552961,1.302576,-0.883802,-0.385566,0.265015
4.842980,1.945419,0.121188,-0.922721,-0.365922
0.165915,0.556001,0.520546,0.087168,0.849373
3.875875,1.400368,-0.731557,-0.660347,0.169605
3.785260,0.949144,-0.650252,-0.487859,0.582379
0.430207,1.788184,0.887488,0.407243,-0.215680
3.500304,0.820059,-0.684646,-0.256696,0.682178
4.715849,2.760948,0.001286,-0.371517,-0.928425
2.337877,0.612944,-0.399264,0.414166,0.817958
0.342906,1.856294,0.903660,0.322616,-0.281635
2.969780,2.503434,-0.586946,0.101849,-0.803194
2.033711,1.235950,-0.421757,0.845061,0.328624
4.667332,1.127852,-0.040695,-0.902577,0.428602
5.237041,0.918595,0.398099,-0.687854,0.606938
2.733299,0.679785,-0.576953,0.249592,0.777708
2.805590,2.416064,-0.626426,0.218777,-0.748149
5.038235,2.673223,0.144508,-0.427678,-0.892306
4.366828,2.066030,-0.298029,-0.827845,-0.475238
2.852738,1.626166,-0.957102,0.284418,-0.055341
4.978669,1.648614,0.262348,-0.961837,-0.077739
2.546060,1.094782,-0.735816,0.498588,0.458241
3.269764,0.995065,-0.831914,-0.107215,0.544448
0.863768,2.376164,0.450057,0.526768,-0.721085
1.711174,1.164540,-0.128528,0.909570,0.395173
3.569921,0.293959,-0.263569,-0.120345,0.957104
0.193816,1.845987,0.944354,0.185358,-0.271730
0.384129,2.197905,0.750719,0.303447,-0.586806
6.253183,2.388373,0.683683,-0.020518,-0.729490
6.030761,2.036187,0.865327,-0.223190,-0.448772
5.893513,0.399051,0.359416,-0.147602,0.921430
5.555651,1.173355,0.688605,-0.613194,0.387060
0.268706,1.389556,0.948324,0.261136,0.180250
3.767364,2.092429,-0.702719,-0.507826,-0.498296
6.117378,0.979661,0.818921,-0.137041,0.557304
3.130598,0.458528,-0.442602,0.004866,0.896705
5.933070,1.462452,0.933826,-0.340994,0.108132
2.624249,0.540381,-0.447138,0.254439,0.857513
0.122869,2.247628,0.773684,0.095543,-0.626326
6.141737,1.749125,0.974313,-0.138742,-0.177385
1.427724,0.622716,0.083161,0.577284,0.812297
3.020248,2.760075,-0.369591,0.045069,-0.928101
6.235743,1.370540,0.978913,-0.046477,0.198920
3.567412,1.830603,-0.880137,-0.399204,-0.256894
4.631356,2.699099,-0.034660,-0.426790,-0.903687
5.624492,2.534901,0.450873,-0.348982,-0.821539
5.655333,0.712473,0.529040,-0.383993,0.756747
4.352188,1.803601,-0.342954,-0.910580,-0.230707
5.081327,1.212269,0.337695,-0.873404,0.350895
3.027314,0.508743,-0.483903,0.055542,0.873357
2.621138,1.741147,-0.855035,0.490077,-0.169528
3.137337,0.727109,-0.664706,0.002828,0.747099
0.915489,1.302813,0.587652,0.764561,0.264788
1.736042,0.875847,-0.126346,0.757623,0.640347
5.466243,1.419532,0.676638,-0.720732,0.150688
5.430806,1.643108,0.656474,-0.750881,-0.072249
1.616070,0.310873,-0.013844,0.305577,0.952067
5.189586,1.929473,0.430063,-0.831757,-0.351035
1.786093,1.705173,-0.211711,0.968106,-0.133972
4.392986,1.816689,-0.304555,-0.920865,-0.243422
4.137266,2.409620,-0.363534,-0.560819,-0.743858
1.061961,1.750095,0.479351,0.859312,-0.178339
2.009148,2.299244,-0.316727,0.675657,-0.665712
5.139644,1.034039,0.356101,-0.782120,0.511352
3.517427,1.141893,-0.845946,-0.333802,0.415874
5.687662,1.475557,0.824103,-0.558400,0.095095
0.019058,1.272234,0.955587,0.018214,0.294146
4.474043,1.059632,-0.205917,-0.847519,0.489193
0.755430,2.238402,0.571685,0.538407,-0.619108
2.486831,1.634504,-0.791584,0.607735,-0.063664
2.423986,0.747579,-0.512198,0.447068,0.733337
2.984339,1.104498,-0.882217,0.139887,0.449583
1.045275,1.205320,0.468531,0.807928,0.357394
5.861940,2.714171,0.378288,-0.169499,-0.910038
4.566002,2.610870,-0.073831,-0.500743,-0.862441
0.757477,1.819199,0.704271,0.666001,-0.245856
5.099965,2.339921,0.271561,-0.665226,-0.695507
4.080067,1.826748,-0.571765,-0.780379,-0.253167
2.200238,2.351833,-0.418081,0.574081,-0.704016
2.351847,1.164909,-0.646825,0.652474,0.394834
4.290975,1.789976,-0.399265,-0.890681,-0.217429
0.052045,1.952679,0.926708,0.048274,-0.372668
1.073581,2.732126,0.189895,0.349914,-0.917333
2.002729,1.082652,-0.369733,0.802090,0.468988
6.271545,0.432402,0.419024,-0.004878,0.907962
5.724062,2.141712,0.713278,-0.446318,-0.540402
2.401806,1.403912,-0.728351,0.664765,0.166111
3.257768,0.557759,-0.525718,-0.061351,0.848444
5.076959,2.455561,0.225863,-0.591838,-0.773766
5.757166,0.123835,0.106821,-0.062018,0.992342
4.334498,2.162337,-0.306268,-0.771516,-0.557641
5.050241,2.426870,0.217243,-0.618357,-0.755275
1.239311,2.617122,0.162970,0.473494,-0.865589
5.463718,1.375577,0.669644,-0.716901,0.193982
1.988030,1.938031,-0.378213,0.853257,-0.359035
4.605339,0.216244,-0.022925,-0.213335,0.976710
0.936609,2.614694,0.297953,0.405077,-0.864371
1.167808,1.217817,0.367990,0.863179,0.345695
5.224595,1.685301,0.486892,-0.865958,-0.114255
3.887718,1.980766,-0.673473,-0.622548,-0.398581
0.377264,0.882135,0.717801,0.284424,0.635504
0.914709,1.406962,0.601853,0.781774,0.163102
1.743874,1.806761,-0.167443,0.957763,-0.233781
3.906642,2.273019,-0.550683,-0.528716,-0.645916
3.612690,1.636222,-0.889164,-0.452893,-0.065379
2.797364,1.385009,-0.925137,0.331664,0.184721
6.233434,0.853455,0.752624,-0.037475,0.657383
6.221039,2.634575,0.484635,-0.030157,-0.874196
4.587916,1.190278,-0.115271,-0.921289,0.371402
2.583715,1.337102,-0.825320,0.514996,0.231573
1.321813,2.597532,0.127550,0.501653,-0.855614
5.321715,0.691876,0.365127,-0.523168,0.770051
5.306053,1.472056,0.556677,-0.824859,0.098580
3.054330,1.330895,-0.967665,0.084656,0.237607
3.286989,2.750991,-0.376728,-0.055164,-0.924680
4.497429,1.622622,-0.213022,-0.975673,-0.051803
3.883342,1.731795,-0.727753,-0.666842,-0.160304
5.133462,1.797101,0.398318,-0.889380,-0.224378
4.804317,1.453524,0.091169,-0.988938,0.117004
2.716668,1.516790,-0.909741,0.411651,0.053980
2.614530,1.228670,-0.814197,0.473845,0.335491
3.903256,2.366655,-0.506344,-0.482862,-0.714465
3.246071,2.317367,-0.730020,-0.076550,-0.679126
4.918513,2.171936,0.168788,-0.807234,-0.565583
2.474918,2.553758,-0.435819,0.342927,-0.832144
4.843529,1.757155,0.128500,-0.974248,-0.185282
3.317794,1.161389,-0.903153,-0.160804,0.398066
3.493573,2.736314,-0.370102,-0.135929,-0.918993
2.778962,2.581025,-0.497091,0.188601,-0.846953
2.513750,1.010474,-0.685542,0.497577,0.531459
3.301269,2.350616,-0.701995,-0.113055,-0.703152
5.713539,1.999416,0.765916,-0.490546,-0.415616
6.096411,2.801207,0.328045,-0.061993,-0.942626
0.391096,2.533348,0.528280,0.217829,-0.820653
5.872157,1.986119,0.838777,-0.365585,-0.403485
5.172882,1.627211,0.443683,-0.894408,-0.056384
0.878261,2.066372,0.561677,0.677040,-0.475538
3.203731,0.853612,-0.752205,-0.046801,0.657265
1.656675,2.133944,-0.072528,0.842463,-0.533850
3.450182,2.055750,-0.842906,-0.268695,-0.466167
3.107733,0.975491,-0.827503,0.028030,0.560761
1.193263,1.587738,0.368576,0.929443,-0.016941
5.020741,1.610265,0.303253,-0.952093,-0.039459
1.206872,0.726345,0.236397,0.620645,0.747607
2.549545,1.464938,-0.825154,0.554938,0.105661
0.639732,2.087284,0.697609,0.519110,-0.493829
5.888728,1.019839,0.786593,-0.327439,0.523503
1.851076,1.272527,-0.264411,0.918548,0.293866
5.747635,1.338444,0.836878,-0.496601,0.230267
0.221087,1.446970,0.968189,0.217611,0.123510
3.380345,2.164331,-0.805454,-0.196044,-0.559295
0.879609,2.307647,0.472090,0.570616,-0.671959
4.890334,3.026610,0.020308,-0.112918,-0.993397
1.078050,1.251222,0.449096,0.836430,0.314162
2.827491,2.905081,-0.222849,0.072394,-0.972161
1.953413,2.794301,-0.127070,0.315741,-0.940298
3.171863,0.838632,-0.743389,-0.022509,0.668481
3.735692,0.645789,-0.498707,-0.336881,0.798625
4.635107,2.562092,-0.042278,-0.545972,-0.836736
4.496158,1.566578,-0.214548,-0.976704,0.004219
2.437302,0.537352,-0.390076,0.331428,0.859067
1.778550,2.777612,-0.073429,0.348342,-0.934487
2.033681,1.565282,-0.446525,0.894754,0.005514
0.592545,0.687383,0.526345,0.354361,0.772909
0.207527,2.103327,0.843039,0.177509,-0.507716
2.462298,0.299264,-0.229373,0.185217,0.955554
3.205874,2.476391,-0.615943,-0.039648,-0.786792
5.866662,1.270080,0.873462,-0.386427,0.296205
0.194669,1.426206,0.970874,0.191424,0.144087
2.950409,1.398314,-0.967212,0.187201,0.171628
4.307327,2.618329,-0.196924,-0.459272,-0.866193
4.881776,1.108885,0.150912,-0.882390,0.445660
1.187325,2.139907,0.315170,0.781200,-0.538883
3.001828,2.117122,-0.846107,0.119032,-0.519552
0.995333,1.215542,0.510241,0.786555,0.347829
1.357810,2.607533,0.107599,0.497530,-0.860748
1.711180,1.308317,-0.135131,0.956249,0.259476
0.569481,2.200381,0.680711,0.435817,-0.588809
3.020276,2.256990,-0.767977,0.093628,-0.633597
3.922041,1.569559,-0.710598,-0.703597,0.001238
1.003799,1.732290,0.530113,0.832542,-0.160793
0.168941,2.623756,0.487955,0.083229,-0.868892
2.709706,1.423330,-0.898321,0.414042,0.146932
2.690736,2.022138,-0.809943,0.392103,-0.436173
2.836719,0.465733,-0.428368,0.134801,0.893493
1.114831,1.902107,0.416383,0.849009,-0.325282
4.853721,1.105456,0.125884,-0.884759,0.448727
1.060669,2.141400,0.410931,0.734428,-0.540140
4.881042,2.081033,0.146475,-0.860248,-0.488384
0.130978,2.019312,0.893373,0.117686,-0.433629
3.102409,2.129999,-0.847028,0.033206,-0.530511
0.707190,1.784611,0.742880,0.634906,-0.212189
1.837798,0.865513,-0.200896,0.734448,0.648249
0.980487,0.980039,0.462282,0.689969,0.556991
2.497256,2.508983,-0.472705,0.355146,-0.806487
6.095834,1.333540,0.954978,-0.181039,0.235037
3.847819,1.116422,-0.683621,-0.583120,0.438900
2.238889,0.690940,-0.394777,0.500253,0.770648
1.523750,1.506224,0.046931,0.996812,0.064527
3.770568,0.251633,-0.201337,-0.146482,0.968507
0.788175,2.658082,0.327813,0.329639,-0.885368
1.598682,1.363070,-0.027283,0.978122,0.206236
2.027107,1.659559,-0.438904,0.894150,-0.088646
2.914149,1.966183,-0.899081,0.208091,-0.385165
4.468493,0.769001,-0.167933,-0.674836,0.718606
4.966767,0.425428,0.103856,-0.399430,0.910862
2.817097,1.052246,-0.823211,0.276916,0.495622
2.459168,1.817124,-0.752620,0.611639,-0.243844
3.694257,2.079059,-0.743539,-0.458598,-0.486660
0.749956,2.624884,0.361485,0.336728,-0.869450
2.113287,2.259262,-0.398676,0.661350,-0.635353
4.553107,1.510080,-0.158317,-0.985522,0.060679
4.875530,0.163011,0.026359,-0.160135,0.986743
6.029110,0.419621,0.394335,-0.102404,0.913243
5.580667,0.889240,0.592710,-0.501789,0.630003
6.061308,1.529305,0.974646,-0.219872,0.041479
0.948524,1.374465,0.571686,0.796946,0.195073
5.491327,1.581667,0.702482,-0.711618,-0.010871
0.544098,2.682666,0.379017,0.229310,-0.896528
6.037583,0.393244,0.371688,-0.093168,0.923671
3.603631,0.570563,-0.483474,-0.240765,0.841597
3.768458,2.158287,-0.674083,-0.488255,-0.554274
5.250325,1.262880,0.488267,-0.818378,0.303073
5.523012,1.780741,0.708804,-0.673917,-0.208406
5.120209,1.692399,0.393680,-0.911209,-0.121303
1.421607,1.271956,0.142048,0.945063,0.294413
4.633679,1.825595,-0.076090,-0.964718,-0.252050
6.020591,0.801543,0.693802,-0.186495,0.695599
4.641716,1.839825,-0.068074,-0.961623,-0.265796
1.751280,0.375001,-0.065748,0.360324,0.930507
3.533532,1.440812,-0.916374,-0.378759,0.129619
2.714630,0.140814,-0.127749,0.058120,0.990102
0.637026,1.616525,0.803028,0.594186,-0.045713
5.796993,0.582884,0.486649,-0.257197,0.834879
0.131491,2.889015,0.247743,0.032765,-0.968272
3.926139,1.275593,-0.677095,-0.675943,0.290934
1.864046,2.216035,-0.230950,0.764848,-0.601389
0.012397,2.814952,0.320839,0.003978,-0.947125
6.201785,1.515670,0.995175,-0.081187,0.055098
1.633729,1.442871,-0.062377,0.989865,0.127577
5.598816,2.196784,0.627900,-0.512313,-0.585898
1.472778,0.093680,0.009154,0.093094,0.995615
5.289330,0.629157,0.320984,-0.493212,0.808524
0.984509,2.008650,0.501079,0.754418,-0.423996
1.464067,1.892922,0.101048,0.943167,-0.316583
0.794344,1.057811,0.610554,0.621577,0.490781
6.205415,2.171872,0.822235,-0.064075,-0.565530
3.222140,1.515771,-0.995249,-0.080339,0.054997
3.810384,1.178516,-0.724975,-0.572940,0.382296
4.987693,0.823718,0.199443,-0.706049,0.679498
2.801688,1.004509,-0.795616,0.281354,0.536503
1.707674,0.117710,-0.016025,0.116340,0.993080
5.665637,1.791844,0.795463,-0.564949,-0.219252
2.729519,1.450368,-0.909656,0.397609,0.120138
4.487029,0.873673,-0.171323,-0.747306,0.642015
4.001940,0.607597,-0.372324,-0.432779,0.821022
0.316565,1.783087,0.928977,0.304315,-0.210699
2.679197,1.815207,-0.868387,0.432836,-0.241985
1.645664,2.359574,-0.052711,0.702739,-0.709492
0.232062,2.932325,0.202175,0.047778,-0.978183
3.029609,1.210659,-0.929987,0.104581,0.352403
4.033364,2.476422,-0.387619,-0.480291,-0.786811
3.553648,0.562766,-0.488872,-0.213674,0.845782
5.246389,1.911110,0.479791,-0.811412,-0.333783
0.066454,0.677712,0.625628,0.041637,0.779009
3.841241,2.580515,-0.407092,-0.342644,-0.846682
3.704727,2.491558,-0.511761,-0.323087,-0.796063
4.559988,1.904942,-0.143416,-0.933741,-0.327963
3.059405,2.227370,-0.789415,0.065027,-0.610406
3.255600,1.992186,-0.906598,-0.103809,-0.409029
3.684990,1.676411,-0.851187,-0.514166,-0.105419
2.673892,2.334802,-0.644525,0.325535,-0.691820
2.324445,0.942993,-0.553821,0.590153,0.587369
6.203313,0.453583,0.436792,-0.034962,0.898883
4.271029,1.594626,-0.427048,-0.903915,-0.023827
0.830266,1.999877,0.613519,0.671200,-0.416035
4.492993,0.707242,-0.141410,-0.634165,0.760157
0.671156,2.546359,0.439088,0.348696,-0.828017
5.867137,1.340066,0.890453,-0.393439,0.228689
2.498435,1.207077,-0.747857,0.560491,0.355752
1.514025,1.809440,0.055133,0.970094,-0.236385
5.125665,1.319254,0.388972,-0.886989,0.248898
5.786728,1.680820,0.873959,-0.473433,-0.109802
4.629327,2.062135,-0.073151,-0.878662,-0.471807
2.293504,2.021576,-0.595348,0.675096,-0.435667
4.047616,2.656895,-0.287430,-0.366722,-0.884816
2.108480,1.838335,-0.493928,0.828342,-0.264359
1.473691,1.517596,0.096815,0.993881,0.053176
2.872820,2.212877,-0.772099,0.212665,-0.598863
2.276092,1.543210,-0.648013,0.761130,0.027583
1.334700,2.746250,0.090084,0.374440,-0.922865
3.164425,1.156247,-0.915059,-0.020897,0.402777
4.305107,1.287816,-0.380361,-0.881682,0.279219
0.695368,2.953227,0.143777,0.119968,-0.982312
6.085788,1.293387,0.943091,-0.188620,0.273865
0.581753,1.492566,0.832945,0.547809,0.078150
1.890746,1.534983,-0.314317,0.948643,0.035805
2.320424,1.572893,-0.681365,0.731941,-0.002096
4.447235,0.838362,-0.194853,-0.717564,0.668681
3.912551,1.751579,-0.705554,-0.685467,-0.179799
2.466703,1.682374,-0.775921,0.620926,-0.111346
0.145970,0.895424,0.772174,0.113522,0.625188
3.434432,1.339238,-0.931874,-0.280967,0.229495
5.277588,1.897619,0.507234,-0.799781,-0.321036
4.045156,0.947572,-0.502478,-0.637857,0.583656
2.282581,0.644886,-0.392635,0.455157,0.799168
5.527372,1.699976,0.721651,-0.680166,-0.128821
3.185760,0.651235,-0.605578,-0.026764,0.795336
1.991695,2.240809,-0.320251,0.715404,-0.620996
1.021974,1.654113,0.519874,0.850180,-0.083221
2.427354,1.957889,-0.699687,0.606576,-0.377498
5.597071,2.187610,0.631138,-0.516791,-0.578439
4.664958,0.396322,-0.018303,-0.385593,0.922487
0.373621,2.667105,0.425363,0.166757,-0.889527
5.064638,0.762228,0.238241,-0.648136,0.723299
3.337420,0.784945,-0.693277,-0.137525,0.707427
0.642037,2.954306,0.149118,0.111498,-0.982513
3.720035,2.453169,-0.531963,-0.347343,-0.772249
5.411674,1.303682,0.620844,-0.738162,0.263949
2.059300,0.464812,-0.210368,0.395825,0.893906
4.724028,1.300265,0.011216,-0.963564,0.267244
1.815153,1.066603,-0.211827,0.849554,0.483102
2.785773,2.516185,-0.548757,0.203939,-0.810725
0.154075,0.796000,0.706098,0.109662,0.699571
2.246506,0.944152,-0.506615,0.632014,0.586430
5.463861,2.520731,0.397160,-0.425066,-0.813378
4.610206,0.756917,-0.070046,-0.683102,0.726957
0.334059,1.163398,0.867398,0.301045,0.396222
0.866318,1.817739,0.627990,0.738835,-0.244441
5.933236,1.542734,0.939020,-0.342716,0.028058
4.345869,0.731444,-0.239371,-0.623580,0.744211
6.273827,1.172564,0.921707,-0.008626,0.387790
4.106272,1.720187,-0.563335,-0.812712,-0.148836
0.906602,0.352020,0.212540,0.271496,0.938678
0.950697,2.102366,0.500930,0.701524,-0.506887
4.218979,2.072551,-0.415252,-0.772165,-0.480965
0.427430,1.136086,0.825394,0.375978,0.421148
1.303198,2.066906,0.232539,0.848141,-0.476008
1.023948,1.965526,0.480011,0.788483,-0.384558
2.189775,1.684114,-0.576483,0.809248,-0.113076
5.181844,1.360226,0.442407,-0.872117,0.209018
2.092499,1.116666,-0.447845,0.779098,0.438681
4.254824,2.702969,-0.187615,-0.381006,-0.905337
2.932839,2.086403,-0.851106,0.180298,-0.493062
2.579606,0.574392,-0.459760,0.289520,0.839523
4.663627,0.139232,-0.006765,-0.138618,0.990323
4.235776,1.735241,-0.452584,-0.876567,-0.163705
1.286705,1.362318,0.274217,0.939132,0.206971
5.830392,1.180451,0.831587,-0.404571,0.380508
0.332129,2.749495,0.361244,0.124595,-0.924110
4.370246,1.145482,-0.305616,-0.858111,0.412608
2.340151,1.946258,-0.647210,0.668318,-0.366702
0.698386,1.368636,0.750284,0.629888,0.200786
3.572494,0.423638,-0.373503,-0.171704,0.911599
3.668741,2.238971,-0.678393,-0.394888,-0.619554
4.602747,0.978673,-0.090794,-0.824775,0.558124
2.290430,1.059545,-0.574831,0.655885,0.489269
1.741349,0.457992,-0.075045,0.435733,0.896942
3.488416,1.098455,-0.837482,-0.302694,0.454972
2.362880,2.894314,-0.174229,0.171915,-0.969582
0.799756,1.049236,0.604226,0.621831,0.498234
5.760512,0.750347,0.590851,-0.340400,0.731452
3.706253,0.673045,-0.526605,-0.333584,0.781927
1.917039,0.827448,-0.249843,0.692516,0.676757
1.514126,0.479101,0.026110,0.460242,0.887410
5.933034,2.996364,0.135937,-0.049644,-0.989473
3.306084,2.240752,-0.773268,-0.128356,-0.620952
1.207778,1.396261,0.349703,0.920627,0.173650
4.250852,2.234101,-0.350899,-0.705516,-0.615725
0.944367,0.430153,0.244474,0.337831,0.908902
1.694139,2.454073,-0.078077,0.629801,-0.772823
2.170965,1.071751,-0.495901,0.724594,0.478588
1.323052,0.654307,0.149242,0.590027,0.793470
2.245033,0.454716,-0.274198,0.343102,0.898386
3.113237,0.316634,-0.311244,0.008828,0.950289
1.338524,1.923676,0.216006,0.913182,-0.345601
4.933713,0.963779,0.180304,-0.801318,0.570420
2.709943,1.088089,-0.804499,0.370568,0.464179
0.194886,2.486959,0.597343,0.117910,-0.793271
3.210724,1.964598,-0.921251,-0.063789,-0.383701
2.851230,1.224368,-0.901219,0.269291,0.339540
5.629752,1.530459,0.793355,-0.607422,0.040326
0.999820,1.447181,0.536330,0.834953,0.123301
1.974591,0.876988,-0.302076,0.706986,0.639469
3.134502,2.135074,-0.844954,0.005992,-0.534806
5.602843,1.791702,0.758467,-0.613773,-0.219114
2.954141,1.377579,-0.964200,0.182888,0.192017
2.171507,1.619155,-0.564568,0.823970,-0.048340
2.145894,2.438581,-0.351652,0.542519,-0.762898
4.221542,0.465134,-0.211431,-0.395585,0.893761
5.763722,2.372741,0.603589,-0.345162,-0.718710
1.959193,0.453576,-0.165942,0.405545,0.898886
6.036656,0.476027,0.444396,-0.111831,0.888823
3.809059,2.359774,-0.553365,-0.436128,-0.709633
3.885679,1.312445,-0.711291,-0.654822,0.255487
5.364992,1.275318,0.580940,-0.760074,0.291198
6.219512,2.428914,0.652538,-0.041606,-0.756613
1.792214,1.192503,-0.204085,0.906610,0.369335
6.154506,1.553139,0.991578,-0.128305,0.017656
0.460661,0.538734,0.459569,0.228071,0.858359
3.101121,2.569234,-0.541173,0.021914,-0.840626
2.139604,0.113418,-0.060959,0.095355,0.993575
0.615033,1.596269,0.816490,0.576798,-0.025470
3.288492,2.951018,-0.187383,-0.027726,-0.981896
3.881502,1.285593,-0.708696,-0.646986,0.281353
6.222746,1.591301,0.997964,-0.060390,-0.020503
3.317551,2.208150,-0.791264,-0.140684,-0.595071
5.481836,1.823046,0.673721,-0.695564,-0.249583
2.958895,2.015422,-0.887747,0.164019,-0.430120
3.709147,1.692258,-0.837006,-0.533611,-0.121164
2.193718,0.601692,-0.330233,0.459723,0.824379
6.164026,2.106642,0.853740,-0.102216,-0.510569
2.093767,1.625971,-0.498696,0.865021,-0.055147
4.739707,0.492847,0.012924,-0.472959,0.880990
1.303391,1.353973,0.258043,0.941878,0.215129
1.474423,1.860678,0.092209,0.953831,-0.285839
0.350748,2.465440,0.587695,0.215024,-0.779986
0.745594,2.074067,0.643591,0.594292,-0.482294
3.971507,1.400024,-0.665121,-0.727140,0.169943
5.026313,1.938024,0.288205,-0.887714,-0.359029
5.433986,1.074874,0.581004,-0.660308,0.475843
0.584647,2.478420,0.513370,0.339764,-0.788043
5.314831,2.203106,0.457102,-0.664654,-0.591010
5.681388,2.239575,0.646744,-0.444170,-0.620028
0.823517,0.843654,0.507748,0.548011,0.664738
4.942013,1.585467,0.227587,-0.973647,-0.014670
0.314853,1.915878,0.894788,0.291420,-0.338274
3.563897,1.635124,-0.910260,-0.409015,-0.064283
2.315116,1.957111,-0.627545,0.681342,-0.376777
5.147914,2.571649,0.227644,-0.489214,-0.841931
1.560478,1.923655,0.009683,0.938339,-0.345582
4.617260,1.827359,-0.091876,-0.962895,-0.253758
4.611041,1.084072,-0.089425,-0.879334,0.467733
4.944633,1.283852,0.220751,-0.933363,0.283023
5.418658,0.783361,0.457976,-0.536862,0.708546
4.966120,1.316553,0.242948,-0.936866,0.251513
2.446949,2.001227,-0.698204,0.581725,-0.417263
4.663767,1.974815,-0.044690,-0.918402,-0.393116
3.964131,0.231326,-0.155986,-0.168025,0.973363
0.274090,2.166589,0.796807,0.224035,-0.561165
4.628092,1.095611,-0.074869,-0.886050,0.457504
4.141139,1.048396,-0.468570,-0.729027,0.498962
3.864070,1.891318,-0.711965,-0.627569,-0.315062
4.690298,2.223492,-0.017549,-0.794256,-0.607330
1.130977,1.606966,0.425497,0.904237,-0.036162
6.223248,1.678435,0.992427,-0.059554,-0.107431
6.246933,0.461461,0.444965,-0.016138,0.895403
3.248964,1.823868,-0.962573,-0.103751,-0.250379
1.355520,1.474583,0.212630,0.972399,0.096065
4.282912,0.843199,-0.310953,-0.678955,0.665077
1.676264,1.257275,-0.100141,0.945968,0.308411
4.922954,2.104166,0.179981,-0.842080,-0.508437
1.566400,1.407333,0.004337,0.986660,0.162737
1.750223,1.943528,-0.166212,0.916384,-0.364161
0.833295,0.794775,0.479925,0.528250,0.700446
5.645623,1.206178,0.750724,-0.556107,0.356593
3.859798,2.865533,-0.205240,-0.179358,-0.962137
1.732555,1.709702,-0.159503,0.977439,-0.138459
5.881955,1.804381,0.895581,-0.379945,-0.231466
1.689703,1.438653,-0.117592,0.984282,0.131759
4.543073,1.740601,-0.166085,-0.971524,-0.168990
5.665006,1.853800,0.782518,-0.556498,-0.279242
4.151415,2.108166,-0.457029,-0.727396,-0.511878
1.564079,1.624962,0.006708,0.998511,-0.054139
2.365958,2.316204,-0.524638,0.514492,-0.678271
3.341006,2.776851,-0.349639,-0.070662,-0.934216
5.013137,0.385066,0.111272,-0.358761,0.926774
3.427700,1.589168,-0.959188,-0.282172,-0.018371
3.216615,0.272913,-0.268779,-0.020202,0.962990
5.122392,0.388179,0.150876,-0.347133,0.925600
5.212886,0.999824,0.403744,-0.738176,0.540450
4.206226,2.800143,-0.162345,-0.292867,-0.942270
6.263921,1.217215,0.937964,-0.018072,0.346260
2.317503,2.197233,-0.550255,0.594572,-0.586262
2.251053,0.712326,-0.411107,0.508113,0.756844
4.023772,1.660459,-0.632917,-0.769024,-0.089543
0.551576,0.881028,0.656996,0.404233,0.636359
0.477622,2.245931,0.693264,0.358828,-0.625002
2.578710,2.347707,-0.603069,0.380520,-0.701079
1.954973,2.352530,-0.265990,0.657962,-0.704511
0.799404,0.764676,0.482628,0.496340,0.721607
2.055784,2.632723,-0.227127,0.431008,-0.873296
1.766008,2.519072,-0.113103,0.572010,-0.812411
5.291155,1.968518,0.504297,-0.771796,-0.387319
4.112080,0.224204,-0.125593,-0.183458,0.974972
2.155340,0.787911,-0.391174,0.591181,0.705328
5.801755,1.592975,0.886115,-0.462934,-0.022176
0.412120,0.730641,0.611473,0.267308,0.744746
5.187188,2.355650,0.323436,-0.629232,-0.706722
2.972112,0.699765,-0.634811,0.108630,0.764993
5.879242,1.531166,0.918796,-0.392738,0.039620
4.037670,0.648671,-0.377386,-0.471753,0.796887
5.003009,0.890803,0.222812,-0.744970,0.628788
4.118050,1.271772,-0.535112,-0.791753,0.294588
3.568023,1.244442,-0.862392,-0.391791,0.320592
3.419104,1.486442,-0.958320,-0.272989,0.084255
0.706605,2.045392,0.676511,0.577498,-0.456979
1.845924,2.267938,-0.208284,0.737846,-0.642029
2.255017,1.043192,-0.546118,0.669536,0.503465
4.909457,0.818095,0.142900,-0.715718,0.683613
4.234849,1.345389,-0.447970,-0.865661,0.223504
2.210939,1.775721,-0.584812,0.785229,-0.203493
4.062944,2.271128,-0.462405,-0.608965,-0.644471
2.044139,1.253688,-0.433135,0.845672,0.311820
2.772028,2.042623,-0.830601,0.321743,-0.454514
3.187425,1.909928,-0.942054,-0.043207,-0.332668
2.864708,1.991911,-0.877873,0.249478,-0.408778
2.289886,1.410789,-0.650286,0.742795,0.159326
3.887495,0.698749,-0.472459,-0.436539,0.765648
0.443010,2.506234,0.536176,0.254396,-0.804859
2.668886,1.995166,-0.811365,0.414912,-0.411747
5.583274,1.030075,0.655777,-0.552254,0.514754
1.266863,0.788681,0.212313,0.676909,0.704782
4.822308,2.283161,0.083021,-0.752251,-0.653625
3.815191,2.538386,-0.443381,-0.353874,-0.823521
4.674778,1.359623,-0.036767,-0.977094,0.209607
5.790267,0.847475,0.660375,-0.354715,0.661878
1.714612,1.122969,-0.129187,0.892084,0.433008
2.028423,1.633897,-0.440941,0.895318,-0.063058
1.004612,1.828700,0.518675,0.816042,-0.255054
5.225530,1.139298,0.445918,-0.791352,0.418232
3.786159,2.096317,-0.691497,-0.519775,-0.501663
5.497658,0.695126,0.452831,-0.452948,0.767973
4.999839,1.368764,0.277741,-0.939465,0.200661
0.039081,1.270009,0.954374,0.037317,0.296272
0.128000,0.237036,0.232902,0.029975,0.972038
5.867364,2.145238,0.767958,-0.339107,-0.543366
2.562599,2.319765,-0.613021,0.400752,-0.680884
4.141336,1.468518,-0.537694,-0.836935,0.102100
4.543709,1.599086,-0.167814,-0.985413,-0.028286
0.219949,1.551029,0.975718,0.218137,0.019766
0.345452,2.074662,0.823987,0.296539,-0.482814
3.736188,1.831049,-0.800480,-0.541310,-0.257325
0.631581,2.575583,0.432820,0.316624,-0.844047
3.013670,1.206363,-0.926692,0.119196,0.356420
5.388621,1.324948,0.607040,-0.756484,0.243379
2.672888,1.477095,-0.888240,0.449750,0.093564
4.301185,1.234356,-0.377304,-0.865250,0.330129
2.591062,1.651090,-0.849501,0.521454,-0.080208
6.232373,0.671154,0.621088,-0.031586,0.783104
2.897407,1.816775,-0.941127,0.234489,-0.243505
1.784260,1.995009,-0.193069,0.890678,-0.411603
5.569824,2.352904,0.536447,-0.464236,-0.704777
2.051030,1.194117,-0.429597,0.824708,0.367835
1.836591,2.159452,-0.218465,0.802483,-0.555243
4.886098,2.226039,0.137042,-0.780967,-0.609352
0.748807,0.924351,0.584705,0.543407,0.602353
5.190626,0.951435,0.374730,-0.722897,0.580515
3.986112,2.314480,-0.488757,-0.550257,-0.677004
1.383403,2.531903,0.106677,0.562589,-0.819826
5.379185,2.489451,0.375344,-0.476899,-0.794786
3.496887,2.417457,-0.621112,-0.230457,-0.749072
4.099781,2.947198,-0.111075,-0.158045,-0.981165
3.204963,1.004742,-0.842330,-0.053451,0.536306
0.848683,2.343024,0.473493,0.537562,-0.697733
0.670299,1.413516,0.773964,0.613552,0.156632
0.943656,1.428207,0.580876,0.801491,0.142107
4.022116,1.044084,-0.550446,-0.666564,0.502694
0.978705,1.908551,0.526566,0.782894,-0.331369
4.750349,0.818157,0.027700,-0.729361,0.683568
3.016767,1.624130,-0.990809,0.124324,-0.053309
5.923744,1.846148,0.900831,-0.338501,-0.271885
1.558266,0.942337,0.010136,0.808871,0.587899
2.678003,1.167496,-0.822692,0.411286,0.392456
0.783666,0.253783,0.177839,0.177224,0.967970
3.913855,0.940986,-0.578897,-0.563886,0.588991
0.692414,2.008135,0.697264,0.578313,-0.423530
4.074794,1.077097,-0.524182,-0.707577,0.473887
3.842593,2.394686,-0.519174,-0.438183,-0.733794
5.348689,0.655666,0.362291,-0.490371,0.792642
5.545483,0.824880,0.543517,-0.493994,0.678645
3.753652,2.283130,-0.619447,-0.434845,-0.653602
6.228746,1.349513,0.974171,-0.053085,0.219482
2.126674,1.150252,-0.481710,0.775423,0.408257
2.309659,2.776656,-0.240347,0.263826,-0.934146
4.336273,1.618500,-0.366893,-0.929040,-0.047686
4.951175,2.081692,0.206321,-0.847556,-0.488959
1.770493,1.962878,-0.183319,0.905751,-0.382113
5.441735,2.204232,0.537103,-0.600961,-0.591918
4.387404,1.553209,-0.319245,-0.947509,0.017586
3.496460,2.181634,-0.768128,-0.284633,-0.573553
1.144235,0.390140,0.157354,0.346239,0.924856
4.575611,0.944005,-0.110434,-0.802349,0.586549
0.142832,1.543956,0.989460,0.142296,0.026837
4.325767,0.740902,-0.254500,-0.625134,0.737860
2.520105,0.741508,-0.549110,0.393249,0.737451
0.518556,1.269978,0.829534,0.473370,0.296302
4.180267,2.564558,-0.276788,-0.470110,-0.838084
2.226753,2.165666,-0.505147,0.656336,-0.560401
0.211739,1.829715,0.945079,0.203155,-0.256035
3.694711,1.987307,-0.778144,-0.480430,-0.404572
5.191899,0.434215,0.194087,-0.373253,0.907200
1.134176,1.264730,0.403226,0.864072,0.301310
2.498028,2.642351,-0.382989,0.287280,-0.877946
3.688309,2.330427,-0.619398,-0.376964,-0.688654
3.549820,1.854862,-0.881043,-0.381074,-0.280261
6.128799,1.359367,0.966103,-0.150350,0.209858
0.041056,1.799323,0.973180,0.039978,-0.226543
0.889710,1.383946,0.618678,0.763367,0.185765
5.234572,0.891317,0.387996,-0.674231,0.628388
2.335258,2.910251,-0.158698,0.165486,-0.973360
4.581666,1.219929,-0.122410,-0.931063,0.343713
0.081553,1.203714,0.930276,0.076036,0.358894
0.600917,0.689168,0.524497,0.359535,0.771776
1.807318,0.821948,-0.171635,0.712080,0.680796
1.457336,1.424027,0.112000,0.982888,0.146243
3.539480,2.059491,-0.813972,-0.342117,-0.469474
1.796665,2.306993,-0.165956,0.722206,-0.671474
3.310865,0.766776,-0.683901,-0.116884,0.720151
0.435197,0.077532,0.070234,0.032654,0.996996
6.166694,2.153083,0.829547,-0.097075,-0.549935
0.138321,1.643813,0.987810,0.137513,-0.072952
3.668319,1.675963,-0.859682,-0.499928,-0.104973
6.201503,1.798732,0.970887,-0.079481,-0.225968
3.737558,1.258653,-0.787615,-0.534184,0.307099
4.131100,2.156044,-0.457718,-0.696665,-0.552406
5.386375,1.718838,0.617279,-0.772794,-0.147502
3.222370,2.128839,-0.845527,-0.068448,-0.529527
5.363116,1.349891,0.591044,-0.776309,0.219113
2.833017,2.167689,-0.788020,0.251188,-0.562075
6.109091,1.245804,0.933328,-0.164149,0.319302
2.406225,0.635221,-0.440023,0.398058,0.804940
4.516999,1.778557,-0.189974,-0.959876,-0.206269
4.926264,2.598138,0.109753,-0.505315,-0.855927
0.926364,1.912398,0.566034,0.753248,-0.334997
1.530917,1.127022,0.036007,0.902419,0.429351
2.612042,0.770930,-0.601365,0.351987,0.717263
0.515112,2.304935,0.646071,0.365734,-0.669948
2.232579,2.605926,-0.313662,0.402665,-0.859928
5.215025,1.836565,0.464824,-0.845549,-0.262651
1.003726,2.077768,0.469598,0.737385,-0.485532
1.051535,1.880683,0.472603,0.826832,-0.304950
4.615766,1.383524,-0.094786,-0.977933,0.186179
2.534380,0.719891,-0.541446,0.376185,0.751878
2.608791,1.196696,-0.801811,0.472817,0.365436
3.700732,2.200285,-0.685230,-0.428784,-0.588731
5.400290,2.659376,0.294439,-0.358279,-0.885969
0.847267,0.983733,0.551190,0.623990,0.553919
2.159729,2.816868,-0.177223,0.265299,-0.947739
0.648866,2.596604,0.413052,0.313265,-0.855133
5.550294,1.422615,0.735098,-0.661690,0.147639
3.175221,0.821089,-0.731475,-0.024607,0.681424
2.291864,0.497068,-0.314810,0.358163,0.878985
4.178867,1.051334,-0.441481,-0.747441,0.496414
2.254210,1.404106,-0.622691,0.764674,0.165919
0.849407,1.557199,0.660367,0.750820,0.013597
1.856408,2.260568,-0.217335,0.740142,-0.636361
3.100208,2.628320,-0.490610,0.020315,-0.871142
2.232685,1.693769,-0.609966,0.782876,-0.122663
1.242750,1.364437,0.315359,0.926588,0.204898
3.470797,1.178521,-0.874420,-0.298734,0.382292
0.623039,0.874963,0.623310,0.447852,0.641026
1.394632,0.349394,0.059995,0.337031,0.939580
5.202981,0.253020,0.117942,-0.220803,0.968161
4.394273,1.339818,-0.304471,-0.924602,0.228930
2.329700,2.268387,-0.527374,0.556087,-0.642373
2.693658,1.552946,-0.901200,0.433036,0.017849
1.063532,2.621090,0.241590,0.434692,-0.867569
4.669451,1.499641,-0.042816,-0.996550,0.071095
0.644574,1.121078,0.719876,0.541114,0.434712
4.266912,2.515095,-0.252634,-0.529090,-0.810086
2.480253,0.528522,-0.397945,0.309702,0.863553
2.588046,1.789046,-0.830486,0.513237,-0.216521
4.145040,1.145175,-0.489453,-0.768089,0.412886
5.748345,1.379382,0.844636,-0.500395,0.190248
4.654143,0.553885,-0.030620,-0.525103,0.850488
3.057376,1.091929,-0.884372,0.074656,0.460774
2.358745,1.544764,-0.708668,0.705062,0.026029
5.072600,2.907557,0.081740,-0.217022,-0.972738
2.409322,2.353677,-0.527168,0.473932,-0.705324
5.050417,1.275875,0.317310,-0.902678,0.290665
1.212603,0.485782,0.163687,0.437267,0.884310
2.184758,1.941994,-0.536873,0.761704,-0.362732
3.784405,1.228145,-0.753883,-0.564601,0.335985
2.282807,2.534542,-0.372706,0.431857,-0.821334
5.083859,2.233579,0.286136,-0.734518,-0.615313
3.053451,2.317784,-0.730890,0.064590,-0.679432
1.408025,2.446778,0.103754,0.631780,-0.768172
1.248211,2.106713,0.272574,0.815451,-0.510630
3.757954,0.818189,-0.595596,-0.421939,0.683544
6.154705,2.838690,0.295833,-0.038219,-0.954475
3.523368,1.229075,-0.874347,-0.351026,0.335109
5.046325,1.059028,0.285771,-0.823717,0.489720
4.179136,1.289314,-0.488332,-0.827267,0.277780
1.077024,2.542230,0.267364,0.496733,-0.825695
3.316883,0.839260,-0.732746,-0.129775,0.668014
2.393177,1.838485,-0.706670,0.656243,-0.264503
0.115131,0.433815,0.417553,0.048287,0.907369
3.785652,1.885209,-0.760464,-0.571012,-0.309258
5.102785,1.243864,0.360398,-0.875776,0.321139
4.048996,2.150253,-0.515271,-0.659290,-0.547570
2.920123,2.592092,-0.509506,0.114722,-0.852785
3.653088,1.788619,-0.851408,-0.477916,-0.216105
2.629536,2.940960,-0.173728,0.097646,-0.979941
1.404856,2.461484,0.103878,0.620239,-0.777504
6.179331,1.425731,0.984165,-0.102579,0.144557
5.679919,2.759197,0.307280,-0.211698,-0.927773
3.398182,1.421746,-0.956537,-0.250969,0.148499
3.838165,1.765054,-0.752618,-0.629525,-0.193038
4.157765,0.577886,-0.287671,-0.464370,0.837619
3.993826,0.731429,-0.439703,-0.502789,0.744221
0.625928,1.294032,0.779579,0.563555,0.273245
2.012452,2.539948,-0.241929,0.511689,-0.824406
0.673529,1.758259,0.767932,0.612820,-0.186366
0.164108,1.461597,0.980688,0.162399,0.108982
4.821419,0.535118,0.055489,-0.506914,0.860209
3.542021,1.024217,-0.786727,-0.333020,0.519768
0.816354,1.465956,0.681122,0.724652,0.104648
1.794568,1.345524,-0.216302,0.950431,0.223372
2.475449,0.569636,-0.424023,0.333281,0.842097
5.827029,2.811263,0.291190,-0.142878,-0.945935
0.921345,2.983589,0.095155,0.125314,-0.987543
0.657549,1.720037,0.782694,0.604385,-0.148688
5.435421,1.448942,0.656755,-0.744243,0.121553
3.469528,1.181330,-0.875812,-0.297968,0.379694
0.566983,1.433009,0.835531,0.531999,0.137351
0.028757,1.359110,0.977274,0.028111,0.210109
0.129358,1.094850,0.881433,0.114661,0.458180
4.928994,1.590309,0.214874,-0.976447,-0.019512
2.335053,2.398076,-0.468402,0.488638,-0.736093
1.476941,1.818214,0.090864,0.965281,-0.244901
1.981751,2.248866,-0.311113,0.713943,-0.627291
5.406038,2.229623,0.505539,-0.607992,-0.612190
1.806042,2.172001,-0.192213,0.801941,-0.565636
5.328840,0.359846,0.203581,-0.287315,0.935951
0.896923,0.327557,0.200766,0.251404,0.946831
1.715692,1.017268,-0.122828,0.841761,0.525692
1.834372,1.628327,-0.260103,0.963867,-0.057499
4.776284,1.583874,0.063847,-0.997874,-0.013077
4.738307,1.913603,0.024407,-0.941499,-0.336132
4.030569,0.631740,-0.372169,-0.458518,0.807001
1.897138,2.083572,-0.279349,0.825396,-0.490598
3.628639,1.018626,-0.752388,-0.398465,0.524536
0.769150,0.965096,0.590683,0.571793,0.569338
0.579854,0.966231,0.688265,0.450786,0.568405
2.420762,0.226217,-0.168501,0.148035,0.974522
2.943497,0.807898,-0.708700,0.142256,0.691019
2.164143,2.278894,-0.424722,0.629765,-0.650390
3.524873,2.273509,-0.707724,-0.285370,-0.646290
0.230372,1.610381,0.972819,0.228161,-0.039575
4.485849,1.649203,-0.223917,-0.971456,-0.078326
5.007898,2.447154,0.186372,-0.612215,-0.768413
2.556078,0.511560,-0.407995,0.270533,0.871982
2.451444,2.113946,-0.660171,0.545028,-0.516835
3.328541,2.968400,-0.169326,-0.032029,-0.985040
1.718807,1.241971,-0.139570,0.936074,0.322932
3.733222,1.909935,-0.782756,-0.525948,-0.332675
5.227002,1.111650,0.441221,-0.780329,0.443183
6.212214,2.236248,0.784658,-0.055782,-0.617414
1.690307,2.039806,-0.106352,0.885654,-0.452004
4.655925,0.996499,-0.047381,-0.838236,0.543245
0.500645,2.246509,0.684502,0.374519,-0.625454
2.249023,1.417494,-0.620055,0.769554,0.152702
3.304774,1.722010,-0.975456,-0.160604,-0.150638
0.916915,2.047354,0.540498,0.705291,-0.458723
1.655781,2.003273,-0.077067,0.904654,-0.419121
2.035238,2.096706,-0.387395,0.773254,-0.502000
0.511752,0.709937,0.568284,0.319183,0.758403
6.249775,2.250792,0.777141,-0.025974,-0.628790
0.448830,1.681007,0.895489,0.431279,-0.109988
6.209397,1.770809,0.977397,-0.072252,-0.198682
5.952612,2.598359,0.488919,-0.167780,-0.856042
0.670553,2.352992,0.555774,0.440815,-0.704839
3.457361,1.313822,-0.919345,-0.300350,0.254156
4.305883,0.734379,-0.264970,-0.615516,0.742247
0.295491,2.133039,0.809393,0.246382,-0.533085
5.389964,1.260787,0.597021,-0.741956,0.305068
4.596738,2.207691,-0.092770,-0.798576,-0.594702
1.285618,1.914645,0.264861,0.903440,-0.337113
5.740636,1.910357,0.807496,-0.486839,-0.333073
0.027940,0.651117,0.605839,0.016931,0.795407
2.340315,1.142331,-0.632893,0.653320,0.415475
4.376422,2.907117,-0.076596,-0.219344,-0.972636
0.712495,1.805426,0.735999,0.635812,-0.232483
1.783014,1.808783,-0.204692,0.950013,-0.235747
5.901454,1.849296,0.892264,-0.358174,-0.274913
2.492236,1.860785,-0.763218,0.579427,-0.285941
0.725988,0.872746,0.572921,0.508592,0.642725
0.926665,2.343009,0.430182,0.572824,-0.697722
2.309196,2.499489,-0.403111,0.442901,-0.800837
3.791579,1.617505,-0.795224,-0.604515,-0.046692
5.542922,1.878985,0.703506,-0.642704,-0.303334
0.489234,2.058944,0.779597,0.415061,-0.468991
1.545310,2.537426,0.014477,0.567892,-0.822976
0.076134,2.722715,0.405557,0.030937,-0.913546
4.535165,2.197274,-0.142818,-0.797409,-0.586295
4.392463,0.982062,-0.261549,-0.789445,0.555309
4.280696,0.331524,-0.136186,-0.295624,0.945547
1.197603,2.725677,0.147305,0.376218,-0.914747
1.820377,1.622071,-0.246673,0.967742,-0.051252
4.909161,1.879658,0.186253,-0.934296,-0.303974
